,Agrp,Npy,Pomc,Cartpt,Slc17a6,Slc32a1,Gfap,Slc1a2,Aqp4
Agrp,1.0,-0.08918662370954078,-0.0025037786216179927,0.04206318862614856,0.0173514497369086,0.1024167910340942,0.03638704425100496,0.05445767468877778,0.04252720718691318
Npy,-0.08918662370954078,1.0,-0.09491950540202485,-0.05360285537725023,0.1389747001361586,0.10748527427092185,0.040961948495659165,-0.017856174291550984,0.19535335381240984
Pomc,-0.0025037786216179927,-0.09491950540202485,1.0,-0.01854430054380986,0.043643253027942426,0.016127426611721625,-0.23492488216673035,0.011992308979857808,-0.1797864746697588
Cartpt,0.04206318862614856,-0.05360285537725023,-0.01854430054380986,1.0,0.02731635721554291,-0.027403375098096375,-0.05022226895543928,-0.017135687430953915,0.17579449535774355
Slc17a6,0.0173514497369086,0.1389747001361586,0.043643253027942426,0.02731635721554291,1.0,-0.0882951469393404,-0.26400751847096754,0.061897305050895225,0.16350996703548723
Slc32a1,0.1024167910340942,0.10748527427092185,0.016127426611721625,-0.027403375098096375,-0.0882951469393404,1.0,0.07932383858731105,-0.08757962060004121,-0.007661290963816768
Gfap,0.03638704425100496,0.040961948495659165,-0.23492488216673035,-0.05022226895543928,-0.26400751847096754,0.07932383858731105,1.0,-0.10889481727413142,0.022608951029352037
Slc1a2,0.05445767468877778,-0.017856174291550984,0.011992308979857808,-0.017135687430953915,0.061897305050895225,-0.08757962060004121,-0.10889481727413142,1.0,-0.03238903454829594
Aqp4,0.04252720718691318,0.19535335381240984,-0.1797864746697588,0.17579449535774355,0.16350996703548723,-0.007661290963816768,0.022608951029352037,-0.03238903454829594,1.0
