,Lepr_positive,Lepr_negative
Agrp,0.8063505,-0.92154366
Npy,0.08144806,-0.09308348
Pomc,0.03724891,-0.042570174
Cartpt,0.006809338,-0.007782081
Slc17a6,-0.016348515,0.018684024
Slc32a1,-0.06929657,0.07919605
Gfap,0.03228513,-0.036897223
Slc1a2,-0.08044994,0.09194275
Aqp4,0.0039462494,-0.004510026
